mean_fit_time,std_fit_time,mean_score_time,std_score_time,param_colsample_bytree,param_learning_rate,param_max_depth,param_n_estimators,param_subsample,params,split0_test_score,split1_test_score,split2_test_score,mean_test_score,std_test_score,rank_test_score
27.135731776555378,28.557565471469733,0.03096469243367513,0.005702990959068924,0.7,0.03,3,100,0.7,"{'colsample_bytree': 0.7, 'learning_rate': 0.03, 'max_depth': 3, 'n_estimators': 100, 'subsample': 0.7}",0.9914003495752187,0.9854858583399163,0.9882622268482567,0.9883828115877972,0.002416085974280827,242
53.20380234718323,20.10745867051452,0.04031912485758463,0.012607823132238627,0.7,0.03,3,100,0.85,"{'colsample_bytree': 0.7, 'learning_rate': 0.03, 'max_depth': 3, 'n_estimators': 100, 'subsample': 0.85}",0.9920278542606334,0.9854858583399163,0.9889015656589839,0.9888050927531779,0.0026716297052343544,237
27.566705067952473,28.09748080608614,0.03184962272644043,0.0035345174729494166,0.7,0.03,3,100,1.0,"{'colsample_bytree': 0.7, 'learning_rate': 0.03, 'max_depth': 3, 'n_estimators': 100, 'subsample': 1.0}",0.9939126200547376,0.9858969548806709,0.990178929002143,0.9899961679791839,0.0032749323900727366,235
28.238175948460896,28.27717999926638,0.052361090977986656,0.005280164129958552,0.7,0.03,3,200,0.7,"{'colsample_bytree': 0.7, 'learning_rate': 0.03, 'max_depth': 3, 'n_estimators': 200, 'subsample': 0.7}",0.9937136611668144,0.9909448569332932,0.9920730067656048,0.992243841621904,0.0011367959746545987,228
27.661839485168457,28.670822326812203,0.04512373606363932,0.016046528234196236,0.7,0.03,3,200,0.85,"{'colsample_bytree': 0.7, 'learning_rate': 0.03, 'max_depth': 3, 'n_estimators': 200, 'subsample': 0.85}",0.9937136611668144,0.9909448569332932,0.9920730067656048,0.992243841621904,0.0011367959746545987,228
28.196156978607178,28.22915363370302,0.0648796558380127,0.031541908278119736,0.7,0.03,3,200,1.0,"{'colsample_bytree': 0.7, 'learning_rate': 0.03, 'max_depth': 3, 'n_estimators': 200, 'subsample': 1.0}",0.9937136611668144,0.9909448569332932,0.9914345118892145,0.9920310099964406,0.0012064898714409936,233
30.28909198443095,28.071369134366417,0.0757156213124593,0.0166692353454064,0.7,0.03,3,400,0.7,"{'colsample_bytree': 0.7, 'learning_rate': 0.03, 'max_depth': 3, 'n_estimators': 400, 'subsample': 0.7}",0.9937136611668144,0.9972691307959796,0.9941479715684997,0.9950435878437646,0.001583653467011964,210
10.010280927022299,1.1717827487863142,0.06522679328918457,0.017674601323493477,0.7,0.03,3,400,0.85,"{'colsample_bytree': 0.7, 'learning_rate': 0.03, 'max_depth': 3, 'n_estimators': 400, 'subsample': 0.85}",0.9937136611668144,0.9972691307959796,0.9941479715684997,0.9950435878437646,0.001583653467011964,210
20.274803400039673,24.283622848285695,0.6542957623799642,0.8159077530979328,0.7,0.03,3,400,1.0,"{'colsample_bytree': 0.7, 'learning_rate': 0.03, 'max_depth': 3, 'n_estimators': 400, 'subsample': 1.0}",0.992674279236192,0.9983187914068767,0.9947843485493969,0.9952591397308219,0.002328690534860199,206
1.4624456564585369,0.4413713083191741,0.054956277211507164,0.016786829047010284,0.7,0.03,5,100,0.7,"{'colsample_bytree': 0.7, 'learning_rate': 0.03, 'max_depth': 5, 'n_estimators': 100, 'subsample': 0.7}",0.9957980009907627,0.9970532470229595,0.9972742072244024,0.9967084850793748,0.0006500983563366461,50
1.1364342371622722,0.26038761712032726,0.04785879453023275,0.014718653823500447,0.7,0.03,5,100,0.85,"{'colsample_bytree': 0.7, 'learning_rate': 0.03, 'max_depth': 5, 'n_estimators': 100, 'subsample': 0.85}",0.9957980009907627,0.9970532470229595,0.9972742072244024,0.9967084850793748,0.0006500983563366461,50
1.0787351926167805,0.40555120926956134,0.03071935971577962,0.005375444962173177,0.7,0.03,5,100,1.0,"{'colsample_bytree': 0.7, 'learning_rate': 0.03, 'max_depth': 5, 'n_estimators': 100, 'subsample': 1.0}",0.9951645571512385,0.9970532470229595,0.9962302648332061,0.9961493563358014,0.000773173976368218,169
24.50961184501648,31.55903637661017,0.14941692352294922,0.09245855885789626,0.7,0.03,5,200,0.7,"{'colsample_bytree': 0.7, 'learning_rate': 0.03, 'max_depth': 5, 'n_estimators': 200, 'subsample': 0.7}",0.9957980009907627,0.9970511573071988,0.9962302648332061,0.9963598077103892,0.0005197346798304155,127
2.5679538249969482,0.8793850236526312,0.12142618497212727,0.05357365458074676,0.7,0.03,5,200,0.85,"{'colsample_bytree': 0.7, 'learning_rate': 0.03, 'max_depth': 5, 'n_estimators': 200, 'subsample': 0.85}",0.9957980009907627,0.9970532470229595,0.9962302648332061,0.9963605042823094,0.0005206613652612306,112
1.9168570041656494,1.1074946149528706,0.09389392534891765,0.06645312984812989,0.7,0.03,5,200,1.0,"{'colsample_bytree': 0.7, 'learning_rate': 0.03, 'max_depth': 5, 'n_estimators': 200, 'subsample': 1.0}",0.9957980009907627,0.9970532470229595,0.9962302648332061,0.9963605042823094,0.0005206613652612306,112
7.078707377115886,0.29728329527275854,0.28158998489379883,0.02031413916759808,0.7,0.03,5,400,0.7,"{'colsample_bytree': 0.7, 'learning_rate': 0.03, 'max_depth': 5, 'n_estimators': 400, 'subsample': 0.7}",0.9957980009907627,0.9976846377633105,0.9962302648332061,0.9965709678624264,0.0008070144540103266,68
2.692049423853556,0.18894073704695494,0.13996187845865884,0.01991570100815632,0.7,0.03,5,400,0.85,"{'colsample_bytree': 0.7, 'learning_rate': 0.03, 'max_depth': 5, 'n_estimators': 400, 'subsample': 0.85}",0.9957980009907627,0.9970532470229595,0.9962302648332061,0.9963605042823094,0.0005206613652612306,112
2.5403806368509927,0.2503493830671052,0.11626044909159343,0.005711766736762496,0.7,0.03,5,400,1.0,"{'colsample_bytree': 0.7, 'learning_rate': 0.03, 'max_depth': 5, 'n_estimators': 400, 'subsample': 1.0}",0.9957980009907627,0.9970532470229595,0.9962302648332061,0.9963605042823094,0.0005206613652612306,112
2.880661964416504,0.048475834350467845,0.10002787907918294,0.023178403919482435,0.7,0.03,7,100,0.7,"{'colsample_bytree': 0.7, 'learning_rate': 0.03, 'max_depth': 7, 'n_estimators': 100, 'subsample': 0.7}",0.9951645571512385,0.9976863002820787,0.9945522254519575,0.9958010276284249,0.0013563252465017847,194
1.8502906958262126,0.6886143542493037,0.058961709340413414,0.020033547144110854,0.7,0.03,7,100,0.85,"{'colsample_bytree': 0.7, 'learning_rate': 0.03, 'max_depth': 7, 'n_estimators': 100, 'subsample': 0.85}",0.9951645571512385,0.9970532470229595,0.995595134547167,0.995937646240455,0.0008081967800458086,186
1.2017767429351807,0.03158291823872627,0.04719090461730957,0.009858734765446022,0.7,0.03,7,100,1.0,"{'colsample_bytree': 0.7, 'learning_rate': 0.03, 'max_depth': 7, 'n_estimators': 100, 'subsample': 1.0}",0.9951645571512385,0.9970532470229595,0.9966399110568802,0.9962859050770261,0.0008106694900778859,143
2.37131675084432,0.08709503905556905,0.1119228998819987,0.013645047013707402,0.7,0.03,7,200,0.7,"{'colsample_bytree': 0.7, 'learning_rate': 0.03, 'max_depth': 7, 'n_estimators': 200, 'subsample': 0.7}",0.9957980009907627,0.9964197712198156,0.995595134547167,0.9959376355859151,0.0003508368809877275,187
2.519464651743571,0.06778450545275705,0.1116620699564616,0.0044553944966627505,0.7,0.03,7,200,0.85,"{'colsample_bytree': 0.7, 'learning_rate': 0.03, 'max_depth': 7, 'n_estimators': 200, 'subsample': 0.85}",0.9957980009907627,0.9970532470229595,0.9960051895854553,0.9962854791997259,0.0005494435677649587,144
4.401881774266561,0.09286062682619362,0.15717689196268717,0.010057548280753335,0.7,0.03,7,200,1.0,"{'colsample_bytree': 0.7, 'learning_rate': 0.03, 'max_depth': 7, 'n_estimators': 200, 'subsample': 1.0}",0.9957980009907627,0.9970532470229595,0.995595134547167,0.9961487941869631,0.0006448849498894182,171
4.824842691421509,1.0708687354535253,0.10058259963989258,0.0075403822379673,0.7,0.03,7,400,0.7,"{'colsample_bytree': 0.7, 'learning_rate': 0.03, 'max_depth': 7, 'n_estimators': 400, 'subsample': 0.7}",0.9957980009907627,0.9983176944245636,0.9962302648332061,0.9967819867495108,0.0011001550056796998,39
4.040581703186035,1.0159218286768932,0.11174710591634114,0.01067645088025,0.7,0.03,7,400,0.85,"{'colsample_bytree': 0.7, 'learning_rate': 0.03, 'max_depth': 7, 'n_estimators': 400, 'subsample': 0.85}",0.9957980009907627,0.9970532470229595,0.9962302648332061,0.9963605042823094,0.0005206613652612306,112
2.5990711053212485,0.020852073531902725,0.10198140144348145,0.002342108533121583,0.7,0.03,7,400,1.0,"{'colsample_bytree': 0.7, 'learning_rate': 0.03, 'max_depth': 7, 'n_estimators': 400, 'subsample': 1.0}",0.9957980009907627,0.9970532470229595,0.9962302648332061,0.9963605042823094,0.0005206613652612306,112
1.2360139687856038,0.010679468586192101,0.03449098269144694,0.022360910215703484,0.7,0.08,3,100,0.7,"{'colsample_bytree': 0.7, 'learning_rate': 0.08, 'max_depth': 3, 'n_estimators': 100, 'subsample': 0.7}",0.9937136611668144,0.9909448569332932,0.9920730067656048,0.992243841621904,0.0011367959746545987,228
0.8521506786346436,0.3011117374086973,0.027503490447998047,0.006028582784800358,0.7,0.08,3,100,0.85,"{'colsample_bytree': 0.7, 'learning_rate': 0.08, 'max_depth': 3, 'n_estimators': 100, 'subsample': 0.85}",0.9937136611668144,0.9909448569332932,0.9931095825675845,0.9925893668892307,0.0011887072768053861,223
8.396493991216024,11.066501089542705,0.01937731107076009,0.0005525871777748051,0.7,0.08,3,100,1.0,"{'colsample_bytree': 0.7, 'learning_rate': 0.08, 'max_depth': 3, 'n_estimators': 100, 'subsample': 1.0}",0.9937136611668144,0.9909448569332932,0.9931095825675845,0.9925893668892307,0.0011887072768053861,223
1.650191863377889,0.41065153510278213,0.058421691258748375,0.018303733958034113,0.7,0.08,3,200,0.7,"{'colsample_bytree': 0.7, 'learning_rate': 0.08, 'max_depth': 3, 'n_estimators': 200, 'subsample': 0.7}",0.9937136611668144,0.9983187914068767,0.9962302648332061,0.9960875724689657,0.0018827421429205519,172
2.1445178190867105,0.03667126258491496,0.08572832743326823,0.022140566070686363,0.7,0.08,3,200,0.85,"{'colsample_bytree': 0.7, 'learning_rate': 0.08, 'max_depth': 3, 'n_estimators': 200, 'subsample': 0.85}",0.9937136611668144,0.9983187914068767,0.9962302648332061,0.9960875724689657,0.0018827421429205519,172
1.70490296681722,0.05723139350521956,0.08898131052652995,0.01877672768359132,0.7,0.08,3,200,1.0,"{'colsample_bytree': 0.7, 'learning_rate': 0.08, 'max_depth': 3, 'n_estimators': 200, 'subsample': 1.0}",0.9937136611668144,0.9983187914068767,0.9979080818372812,0.9966468448036574,0.002080840418872829,52
4.229581117630005,0.057898385860764484,0.12969549496968588,0.0015358200233467297,0.7,0.08,3,400,0.7,"{'colsample_bytree': 0.7, 'learning_rate': 0.08, 'max_depth': 3, 'n_estimators': 400, 'subsample': 0.7}",0.9937136611668144,0.9993673624806375,0.9972742072244024,0.9967850769572847,0.0023338838803075765,23
4.280351082483928,0.13945617595706616,0.11690584818522136,0.01628702926125382,0.7,0.08,3,400,0.85,"{'colsample_bytree': 0.7, 'learning_rate': 0.08, 'max_depth': 3, 'n_estimators': 400, 'subsample': 0.85}",0.9937136611668144,0.9993673624806375,0.9979080818372812,0.9969963684949109,0.002396455792828683,6
3.1781492233276367,0.05136382577170486,0.10262926419576009,0.016275718875986646,0.7,0.08,3,400,1.0,"{'colsample_bytree': 0.7, 'learning_rate': 0.08, 'max_depth': 3, 'n_estimators': 400, 'subsample': 1.0}",0.9937136611668144,0.9993673624806375,0.9979080818372812,0.9969963684949109,0.002396455792828683,6
1.6126937866210938,0.030283201300833045,0.06834896405537923,0.001679273809305912,0.7,0.08,5,100,0.7,"{'colsample_bytree': 0.7, 'learning_rate': 0.08, 'max_depth': 5, 'n_estimators': 100, 'subsample': 0.7}",0.9957980009907627,0.9976846377633105,0.9962302648332061,0.9965709678624264,0.0008070144540103266,68
1.5880831877390544,0.02045077881318068,0.05555423100789388,0.019771049588727895,0.7,0.08,5,100,0.85,"{'colsample_bytree': 0.7, 'learning_rate': 0.08, 'max_depth': 5, 'n_estimators': 100, 'subsample': 0.85}",0.9957980009907627,0.9970532470229595,0.9962302648332061,0.9963605042823094,0.0005206613652612306,112
1.4562791188557942,0.031114311953836363,0.07030383745829265,0.0015281484079467964,0.7,0.08,5,100,1.0,"{'colsample_bytree': 0.7, 'learning_rate': 0.08, 'max_depth': 5, 'n_estimators': 100, 'subsample': 1.0}",0.9957980009907627,0.9976846377633105,0.9962302648332061,0.9965709678624264,0.0008070144540103266,68
2.778833786646525,0.06725518724274862,0.11359508832295735,0.04228302745710452,0.7,0.08,5,200,0.7,"{'colsample_bytree': 0.7, 'learning_rate': 0.08, 'max_depth': 5, 'n_estimators': 200, 'subsample': 0.7}",0.994754895411544,0.9976846377633105,0.9962302648332061,0.996223266002687,0.0011960725450838388,150
2.7488342920939126,0.019812712453138863,0.14340710639953613,0.04485818041491369,0.7,0.08,5,200,0.85,"{'colsample_bytree': 0.7, 'learning_rate': 0.08, 'max_depth': 5, 'n_estimators': 200, 'subsample': 0.85}",0.994754895411544,0.9976846377633105,0.9962302648332061,0.996223266002687,0.0011960725450838388,150
2.216050386428833,0.04875082178905927,0.10474848747253418,0.020349262735632458,0.7,0.08,5,200,1.0,"{'colsample_bytree': 0.7, 'learning_rate': 0.08, 'max_depth': 5, 'n_estimators': 200, 'subsample': 1.0}",0.994754895411544,0.9976846377633105,0.9962302648332061,0.996223266002687,0.0011960725450838388,150
4.790252685546875,0.11565446722228717,0.17287492752075195,0.013296876355021291,0.7,0.08,5,400,0.7,"{'colsample_bytree': 0.7, 'learning_rate': 0.08, 'max_depth': 5, 'n_estimators': 400, 'subsample': 0.7}",0.994754895411544,0.9983176944245636,0.9972742072244024,0.9967822656868367,0.001495524224495707,38
4.913927475611369,0.1993073861248638,0.1640439828236898,0.014499365460117616,0.7,0.08,5,400,0.85,"{'colsample_bytree': 0.7, 'learning_rate': 0.08, 'max_depth': 5, 'n_estimators': 400, 'subsample': 0.85}",0.994754895411544,0.9976846377633105,0.9972742072244024,0.9965712467997524,0.00129523809417463,67
3.9107116063435874,0.09817187918377307,0.14927021662394205,0.012093813206356862,0.7,0.08,5,400,1.0,"{'colsample_bytree': 0.7, 'learning_rate': 0.08, 'max_depth': 5, 'n_estimators': 400, 'subsample': 1.0}",0.9937136611668144,0.9983176944245636,0.9979080818372812,0.9966464791428864,0.002080546655488007,57
2.129685640335083,0.0006061844769254214,0.07335797945658366,0.0019668785652587947,0.7,0.08,7,100,0.7,"{'colsample_bytree': 0.7, 'learning_rate': 0.08, 'max_depth': 7, 'n_estimators': 100, 'subsample': 0.7}",0.9957980009907627,0.9976846377633105,0.9962302648332061,0.9965709678624264,0.0008070144540103266,68
2.085198720296224,0.11093812064655072,0.07567214965820312,0.002405407072928421,0.7,0.08,7,100,0.85,"{'colsample_bytree': 0.7, 'learning_rate': 0.08, 'max_depth': 7, 'n_estimators': 100, 'subsample': 0.85}",0.9957980009907627,0.9970532470229595,0.9962302648332061,0.9963605042823094,0.0005206613652612306,112
1.904715855916341,0.0834272686492916,0.09111603101094563,0.02450618861489609,0.7,0.08,7,100,1.0,"{'colsample_bytree': 0.7, 'learning_rate': 0.08, 'max_depth': 7, 'n_estimators': 100, 'subsample': 1.0}",0.9957980009907627,0.9970532470229595,0.9962302648332061,0.9963605042823094,0.0005206613652612306,112
3.19065531094869,0.02738627761161077,0.14689373970031738,0.013190600419585419,0.7,0.08,7,200,0.7,"{'colsample_bytree': 0.7, 'learning_rate': 0.08, 'max_depth': 7, 'n_estimators': 200, 'subsample': 0.7}",0.9957980009907627,0.9976846377633105,0.9962302648332061,0.9965709678624264,0.0008070144540103266,68
3.158397118250529,0.20091654181164517,0.15660897890726724,0.02470494610237914,0.7,0.08,7,200,0.85,"{'colsample_bytree': 0.7, 'learning_rate': 0.08, 'max_depth': 7, 'n_estimators': 200, 'subsample': 0.85}",0.9957980009907627,0.9976846377633105,0.9951881926555689,0.9962236104698806,0.001062674963014905,147
2.5637851556142173,0.13378025690598758,0.12185947100321452,0.004567465618385281,0.7,0.08,7,200,1.0,"{'colsample_bytree': 0.7, 'learning_rate': 0.08, 'max_depth': 7, 'n_estimators': 200, 'subsample': 1.0}",0.9957980009907627,0.9976846377633105,0.9951881926555689,0.9962236104698806,0.001062674963014905,147
3.8598132928212485,1.3779009292076296,0.15449150403340658,0.05188817690657303,0.7,0.08,7,400,0.7,"{'colsample_bytree': 0.7, 'learning_rate': 0.08, 'max_depth': 7, 'n_estimators': 400, 'subsample': 0.7}",0.9957980009907627,0.9989503310233064,0.9951881926555689,0.9966455082232127,0.0016486605990504361,61
3.8109739621480307,1.3840664030571916,0.13448659578959146,0.04792669679752777,0.7,0.08,7,400,0.85,"{'colsample_bytree': 0.7, 'learning_rate': 0.08, 'max_depth': 7, 'n_estimators': 400, 'subsample': 0.85}",0.9957980009907627,0.9976846377633105,0.9951881926555689,0.9962236104698806,0.001062674963014905,147
4.123440504074097,0.17110977670843225,0.1797624429066976,0.004824358520071246,0.7,0.08,7,400,1.0,"{'colsample_bytree': 0.7, 'learning_rate': 0.08, 'max_depth': 7, 'n_estimators': 400, 'subsample': 1.0}",0.9957980009907627,0.9970511573071988,0.9968649707780143,0.9965713763586587,0.0005521162019379505,66
1.129926363627116,0.0629204417379771,0.05450685818990072,0.0005545929909625532,0.7,0.15,3,100,0.7,"{'colsample_bytree': 0.7, 'learning_rate': 0.15, 'max_depth': 3, 'n_estimators': 100, 'subsample': 0.7}",0.9937136611668144,0.9993673624806375,0.9962302648332061,0.9964370961602192,0.002312742821104691,105
1.057628870010376,0.02984158650332218,0.04186860720316569,0.014556319383051925,0.7,0.15,3,100,0.85,"{'colsample_bytree': 0.7, 'learning_rate': 0.15, 'max_depth': 3, 'n_estimators': 100, 'subsample': 0.85}",0.9937136611668144,0.9972660802779313,0.9962302648332061,0.9957366687593172,0.0014916765061223443,196
0.6672654946645101,0.24294698857297634,0.032729148864746094,0.015934748729921677,0.7,0.15,3,100,1.0,"{'colsample_bytree': 0.7, 'learning_rate': 0.15, 'max_depth': 3, 'n_estimators': 100, 'subsample': 1.0}",0.9937136611668144,0.9993673624806375,0.9979080818372812,0.9969963684949109,0.002396455792828683,6
1.5315250555674236,0.5498830526288824,0.05492258071899414,0.016472453945727824,0.7,0.15,3,200,0.7,"{'colsample_bytree': 0.7, 'learning_rate': 0.15, 'max_depth': 3, 'n_estimators': 200, 'subsample': 0.7}",0.9937136611668144,0.9993673624806375,0.9972742072244024,0.9967850769572847,0.0023338838803075765,23
2.184358755747477,0.07909142902688959,0.09246969223022461,0.01740674484005247,0.7,0.15,3,200,0.85,"{'colsample_bytree': 0.7, 'learning_rate': 0.15, 'max_depth': 3, 'n_estimators': 200, 'subsample': 0.85}",0.9937136611668144,0.9993673624806375,0.9983200390721274,0.9971336875731932,0.002455830754992311,2
0.9709530671437582,0.5179971980189028,0.041475772857666016,0.017003979994229486,0.7,0.15,3,200,1.0,"{'colsample_bytree': 0.7, 'learning_rate': 0.15, 'max_depth': 3, 'n_estimators': 200, 'subsample': 1.0}",0.9937136611668144,0.9993673624806375,0.9979080818372812,0.9969963684949109,0.002396455792828683,6
2.8905068238576255,1.0259003057904443,0.2972381114959717,0.17945155908505442,0.7,0.15,3,400,0.7,"{'colsample_bytree': 0.7, 'learning_rate': 0.15, 'max_depth': 3, 'n_estimators': 400, 'subsample': 0.7}",0.9937136611668144,0.9993673624806375,0.9983200390721274,0.9971336875731932,0.002455830754992311,2
3.4379935264587402,0.0878566601540439,0.307228962580363,0.10139793989144141,0.7,0.15,3,400,0.85,"{'colsample_bytree': 0.7, 'learning_rate': 0.15, 'max_depth': 3, 'n_estimators': 400, 'subsample': 0.85}",0.9937136611668144,0.9993673624806375,0.9983200390721274,0.9971336875731932,0.002455830754992311,2
2.854726473490397,0.07313067290174999,0.7190649509429932,0.12209683780720147,0.7,0.15,3,400,1.0,"{'colsample_bytree': 0.7, 'learning_rate': 0.15, 'max_depth': 3, 'n_estimators': 400, 'subsample': 1.0}",0.9937136611668144,0.9993673624806375,0.9989530851272655,0.9973447029249058,0.002573098601314774,1
1.3554972807566326,0.05981244200156445,0.06398431460062663,0.0036463433621748134,0.7,0.15,5,100,0.7,"{'colsample_bytree': 0.7, 'learning_rate': 0.15, 'max_depth': 5, 'n_estimators': 100, 'subsample': 0.7}",0.9937136611668144,0.9976846377633105,0.9962302648332061,0.9958761879211103,0.0016403641114580798,188
0.8289776643117269,0.4205783517964686,0.21126834551493326,0.2562336811044697,0.7,0.15,5,100,0.85,"{'colsample_bytree': 0.7, 'learning_rate': 0.15, 'max_depth': 5, 'n_estimators': 100, 'subsample': 0.85}",0.9937136611668144,0.9976846377633105,0.9962302648332061,0.9958761879211103,0.0016403641114580798,188
0.9114647706349691,0.3252781131519024,0.46152861913045246,0.3113479418543872,0.7,0.15,5,100,1.0,"{'colsample_bytree': 0.7, 'learning_rate': 0.15, 'max_depth': 5, 'n_estimators': 100, 'subsample': 1.0}",0.9937136611668144,0.9976846377633105,0.9972742072244024,0.9962241687181758,0.0017830871040415727,145
1.348472277323405,0.3464582218617301,0.14781554539998373,0.11890699781698838,0.7,0.15,5,200,0.7,"{'colsample_bytree': 0.7, 'learning_rate': 0.15, 'max_depth': 5, 'n_estimators': 200, 'subsample': 0.7}",0.9937136611668144,0.9976846377633105,0.9972742072244024,0.9962241687181758,0.0017830871040415727,145
1.4877166748046875,0.041999226940197754,0.06479064623514812,0.003251000515745755,0.7,0.15,5,200,0.85,"{'colsample_bytree': 0.7, 'learning_rate': 0.15, 'max_depth': 5, 'n_estimators': 200, 'subsample': 0.85}",0.9937136611668144,0.9983176944245636,0.9972742072244024,0.9964351876052602,0.0019709973787560074,107
0.9394466876983643,0.09317454227419333,0.047451019287109375,0.0037279910076313174,0.7,0.15,5,200,1.0,"{'colsample_bytree': 0.7, 'learning_rate': 0.15, 'max_depth': 5, 'n_estimators': 200, 'subsample': 1.0}",0.9937136611668144,0.9983176944245636,0.9979080818372812,0.9966464791428864,0.002080546655488007,57
2.3937908013661704,0.4970067195620729,0.08356126149495442,0.015219705224051958,0.7,0.15,5,400,0.7,"{'colsample_bytree': 0.7, 'learning_rate': 0.15, 'max_depth': 5, 'n_estimators': 400, 'subsample': 0.7}",0.9937136611668144,0.9993673624806375,0.9972742072244024,0.9967850769572847,0.0023338838803075765,23
2.381347179412842,0.6360073577163944,0.06312163670857747,0.001627762223835641,0.7,0.15,5,400,0.85,"{'colsample_bytree': 0.7, 'learning_rate': 0.15, 'max_depth': 5, 'n_estimators': 400, 'subsample': 0.85}",0.9937136611668144,0.9983176944245636,0.9972742072244024,0.9964351876052602,0.0019709973787560074,107
2.4638237158457437,0.7104136219673012,0.07346701622009277,0.013883524945185887,0.7,0.15,5,400,1.0,"{'colsample_bytree': 0.7, 'learning_rate': 0.15, 'max_depth': 5, 'n_estimators': 400, 'subsample': 1.0}",0.9937136611668144,0.9983176944245636,0.9989530851272655,0.9969948135728811,0.0023345807860868104,16
1.1168768405914307,0.03722037137050788,0.051865339279174805,0.0033197996997568363,0.7,0.15,7,100,0.7,"{'colsample_bytree': 0.7, 'learning_rate': 0.15, 'max_depth': 7, 'n_estimators': 100, 'subsample': 0.7}",0.994754895411544,0.9976846377633105,0.9962302648332061,0.996223266002687,0.0011960725450838388,150
0.9190521240234375,0.1746945066745836,0.04616665840148926,0.005912296063158238,0.7,0.15,7,100,0.85,"{'colsample_bytree': 0.7, 'learning_rate': 0.15, 'max_depth': 7, 'n_estimators': 100, 'subsample': 0.85}",0.994754895411544,0.9976846377633105,0.9962302648332061,0.996223266002687,0.0011960725450838388,150
0.7457912762959799,0.17129741114109234,0.043199380238850914,0.006705243394010004,0.7,0.15,7,100,1.0,"{'colsample_bytree': 0.7, 'learning_rate': 0.15, 'max_depth': 7, 'n_estimators': 100, 'subsample': 1.0}",0.9937136611668144,0.9976846377633105,0.9951881926555689,0.9955288305285647,0.0016389405933649737,199
1.7188173135121663,0.07137866647516665,0.07504653930664062,0.0041714270578873305,0.7,0.15,7,200,0.7,"{'colsample_bytree': 0.7, 'learning_rate': 0.15, 'max_depth': 7, 'n_estimators': 200, 'subsample': 0.7}",0.994754895411544,0.9970511573071988,0.9962302648332061,0.9960121058506496,0.0009500525177103211,181
1.851954460144043,0.03378615593030078,0.07830317815144856,0.00856930362349389,0.7,0.15,7,200,0.85,"{'colsample_bytree': 0.7, 'learning_rate': 0.15, 'max_depth': 7, 'n_estimators': 200, 'subsample': 0.85}",0.9937136611668144,0.9983176944245636,0.9962302648332061,0.9960872068081947,0.001882308823139899,177
1.2931184768676758,0.2697244308176181,0.06032514572143555,0.00969980297132803,0.7,0.15,7,200,1.0,"{'colsample_bytree': 0.7, 'learning_rate': 0.15, 'max_depth': 7, 'n_estimators': 200, 'subsample': 1.0}",0.9937136611668144,0.9983176944245636,0.9958237327188941,0.995951696103424,0.0018817653999105223,182
2.46584423383077,0.166509999075937,0.08686184883117676,0.016756311072348894,0.7,0.15,7,400,0.7,"{'colsample_bytree': 0.7, 'learning_rate': 0.15, 'max_depth': 7, 'n_estimators': 400, 'subsample': 0.7}",0.994754895411544,0.9989503310233064,0.9951881926555689,0.9962978063634731,0.0018839412461977567,141
2.6306145191192627,0.3507651042579309,0.07590341567993164,0.007769820190647732,0.7,0.15,7,400,0.85,"{'colsample_bytree': 0.7, 'learning_rate': 0.15, 'max_depth': 7, 'n_estimators': 400, 'subsample': 0.85}",0.9937136611668144,0.9983176944245636,0.9951881926555689,0.995739849415649,0.0019196396268261525,195
3.629181464513143,1.9024563655927054,0.0713671048482259,0.010284502973350831,0.7,0.15,7,400,1.0,"{'colsample_bytree': 0.7, 'learning_rate': 0.15, 'max_depth': 7, 'n_estimators': 400, 'subsample': 1.0}",0.9937136611668144,0.9989503310233064,0.9968649707780143,0.9965096543227117,0.0021525744484267775,97
0.8609925111134847,0.012934389936882304,0.02917313575744629,0.0009789325369648422,0.85,0.03,3,100,0.7,"{'colsample_bytree': 0.85, 'learning_rate': 0.03, 'max_depth': 3, 'n_estimators': 100, 'subsample': 0.7}",0.9918320872645224,0.9848491079392684,0.9882622268482567,0.9883144740173492,0.0028510287487431615,243
0.8899028301239014,0.040445022305732575,0.027385632197062176,0.0021580318782467084,0.85,0.03,3,100,0.85,"{'colsample_bytree': 0.85, 'learning_rate': 0.03, 'max_depth': 3, 'n_estimators': 100, 'subsample': 0.85}",0.9918320872645224,0.9852606104141547,0.9882622268482567,0.9884516415089779,0.0026861354438426823,241
0.7341729005177816,0.04032205151723568,0.027481555938720703,8.035543249121043e-05,0.85,0.03,3,100,1.0,"{'colsample_bytree': 0.85, 'learning_rate': 0.03, 'max_depth': 3, 'n_estimators': 100, 'subsample': 1.0}",0.9918320872645224,0.9852606104141547,0.9893013134592693,0.9887980037126488,0.0027062972889801756,238
1.582844654719035,0.04580158778872357,0.03914904594421387,0.001098888913605008,0.85,0.03,3,200,0.7,"{'colsample_bytree': 0.85, 'learning_rate': 0.03, 'max_depth': 3, 'n_estimators': 200, 'subsample': 0.7}",0.9957980009907627,0.9909448569332932,0.9920730067656048,0.9929386215632202,0.0020736792654644748,217
1.3198513984680176,0.2724329325518253,0.03533490498860677,0.004351561152802766,0.85,0.03,3,200,0.85,"{'colsample_bytree': 0.85, 'learning_rate': 0.03, 'max_depth': 3, 'n_estimators': 200, 'subsample': 0.85}",0.994754895411544,0.9909448569332932,0.9920730067656048,0.9925909197034807,0.001597972394390778,222
1.229638655980428,0.0273139536981567,0.03899796803792318,0.0014071169687854138,0.85,0.03,3,200,1.0,"{'colsample_bytree': 0.85, 'learning_rate': 0.03, 'max_depth': 3, 'n_estimators': 200, 'subsample': 1.0}",0.9937136611668144,0.990317561585606,0.9920792840240132,0.9920368355921445,0.0013867767168021818,231
2.79879101117452,0.09845354795355762,0.06757609049479167,0.004323276872768396,0.85,0.03,3,400,0.7,"{'colsample_bytree': 0.85, 'learning_rate': 0.03, 'max_depth': 3, 'n_estimators': 400, 'subsample': 0.7}",0.9937136611668144,0.9983187914068767,0.9941479715684997,0.9953934747140636,0.0020760964486573456,204
2.9000918865203857,0.8659050854365228,0.04797546068827311,0.0007157885721354748,0.85,0.03,3,400,0.85,"{'colsample_bytree': 0.85, 'learning_rate': 0.03, 'max_depth': 3, 'n_estimators': 400, 'subsample': 0.85}",0.9937136611668144,0.9983187914068767,0.9947843485493969,0.9956056003743626,0.0019676800302202645,198
2.2551422119140625,0.05983127539540693,0.061072190602620445,0.004372176737832039,0.85,0.03,3,400,1.0,"{'colsample_bytree': 0.85, 'learning_rate': 0.03, 'max_depth': 3, 'n_estimators': 400, 'subsample': 1.0}",0.992674279236192,0.9983187914068767,0.9958237327188941,0.9956056011206543,0.00230951877481941,197
1.2092951933542888,0.0348334283170578,0.03483025232950846,0.00227671197509885,0.85,0.03,5,100,0.7,"{'colsample_bytree': 0.85, 'learning_rate': 0.03, 'max_depth': 5, 'n_estimators': 100, 'subsample': 0.7}",0.9951678168488277,0.9917794291700349,0.995595134547167,0.9941807935220099,0.0017069589268697584,213
1.0285401344299316,0.216772937115874,0.03476921717325846,0.0038828886651421607,0.85,0.03,5,100,0.85,"{'colsample_bytree': 0.85, 'learning_rate': 0.03, 'max_depth': 5, 'n_estimators': 100, 'subsample': 0.85}",0.9945343813164427,0.9949497026464228,0.9949595761581698,0.9948145533736784,0.00019815256378244534,212
0.9890479246775309,0.0796163218954175,0.032461325327555336,0.002610527585030561,0.85,0.03,5,100,1.0,"{'colsample_bytree': 0.85, 'learning_rate': 0.03, 'max_depth': 5, 'n_estimators': 100, 'subsample': 1.0}",0.9945343813164427,0.9960024586722085,0.9949595761581698,0.9951654720489403,0.0006167698755101643,208
1.87184739112854,0.3747603252981956,0.05623618761698405,0.008136749957640726,0.85,0.03,5,200,0.7,"{'colsample_bytree': 0.85, 'learning_rate': 0.03, 'max_depth': 5, 'n_estimators': 200, 'subsample': 0.7}",0.9957980009907627,0.9970511573071988,0.9962302648332061,0.9963598077103892,0.0005197346798304155,127
2.166327794392904,0.08237365904012883,0.060644944508870445,0.006897912992598452,0.85,0.03,5,200,0.85,"{'colsample_bytree': 0.85, 'learning_rate': 0.03, 'max_depth': 5, 'n_estimators': 200, 'subsample': 0.85}",0.9957980009907627,0.9970532470229595,0.9962302648332061,0.9963605042823094,0.0005206613652612306,112
1.8293121655782063,0.08587257355557464,0.056041717529296875,0.004310183654537854,0.85,0.03,5,200,1.0,"{'colsample_bytree': 0.85, 'learning_rate': 0.03, 'max_depth': 5, 'n_estimators': 200, 'subsample': 1.0}",0.9951678168488277,0.9970532470229595,0.9962302648332061,0.9961504429016644,0.0007717902957617156,160
3.211717208226522,0.5084784224918207,0.10422595342000325,0.016053417971509238,0.85,0.03,5,400,0.7,"{'colsample_bytree': 0.85, 'learning_rate': 0.03, 'max_depth': 5, 'n_estimators': 400, 'subsample': 0.7}",0.9957980009907627,0.9976846377633105,0.9962302648332061,0.9965709678624264,0.0008070144540103266,68
4.210328578948975,0.28728825975526495,0.11607543627421062,0.0034698362964842838,0.85,0.03,5,400,0.85,"{'colsample_bytree': 0.85, 'learning_rate': 0.03, 'max_depth': 5, 'n_estimators': 400, 'subsample': 0.85}",0.9957980009907627,0.9976846377633105,0.9962302648332061,0.9965709678624264,0.0008070144540103266,68
3.185601075490316,0.14894560774337473,0.09304507573445638,0.007462570436739751,0.85,0.03,5,400,1.0,"{'colsample_bytree': 0.85, 'learning_rate': 0.03, 'max_depth': 5, 'n_estimators': 400, 'subsample': 1.0}",0.9957980009907627,0.9970532470229595,0.9962302648332061,0.9963605042823094,0.0005206613652612306,112
1.4134595394134521,0.11105927329792435,0.045528014500935875,0.003953698176691601,0.85,0.03,7,100,0.7,"{'colsample_bytree': 0.85, 'learning_rate': 0.03, 'max_depth': 7, 'n_estimators': 100, 'subsample': 0.7}",0.9945343813164427,0.9970532470229595,0.9962302648332061,0.9959392977242029,0.0010487031692390202,184
1.396952231725057,0.24716616521371154,0.04476046562194824,0.004637779839541629,0.85,0.03,7,100,0.85,"{'colsample_bytree': 0.85, 'learning_rate': 0.03, 'max_depth': 7, 'n_estimators': 100, 'subsample': 0.85}",0.9945343813164427,0.9970532470229595,0.9943235858949627,0.9953037380781217,0.0012400792551231035,205
1.102909803390503,0.1961185231861731,0.039667606353759766,0.003089516784841855,0.85,0.03,7,100,1.0,"{'colsample_bytree': 0.85, 'learning_rate': 0.03, 'max_depth': 7, 'n_estimators': 100, 'subsample': 1.0}",0.9945343813164427,0.9976863002820787,0.9943235858949627,0.9955147558311613,0.0015379234168539668,201
2.6901751359303794,0.0851302309721068,0.08404342333475749,0.0034930153969750417,0.85,0.03,7,200,0.7,"{'colsample_bytree': 0.85, 'learning_rate': 0.03, 'max_depth': 7, 'n_estimators': 200, 'subsample': 0.7}",0.9957980009907627,0.9957858691356362,0.9962302648332061,0.995938044986535,0.00020668998454783044,185
20.176665623982746,24.72041495602745,0.09081673622131348,0.023771726373061134,0.85,0.03,7,200,0.85,"{'colsample_bytree': 0.85, 'learning_rate': 0.03, 'max_depth': 7, 'n_estimators': 200, 'subsample': 0.85}",0.9957980009907627,0.9970532470229595,0.9962302648332061,0.9963605042823094,0.0005206613652612306,112
1.8062267303466797,0.30261857651357627,0.05920227368672689,0.009858990758183816,0.85,0.03,7,200,1.0,"{'colsample_bytree': 0.85, 'learning_rate': 0.03, 'max_depth': 7, 'n_estimators': 200, 'subsample': 1.0}",0.9951678168488277,0.9964197712198156,0.9949595761581698,0.9955157214089377,0.0006448878929564562,200
4.352936188379924,0.791252390945976,0.13462702433268228,0.02150310283083054,0.85,0.03,7,400,0.7,"{'colsample_bytree': 0.85, 'learning_rate': 0.03, 'max_depth': 7, 'n_estimators': 400, 'subsample': 0.7}",0.9957980009907627,0.9976846377633105,0.9962302648332061,0.9965709678624264,0.0008070144540103266,68
4.296642700831096,0.18647415935248887,0.14490246772766113,0.01067313404916494,0.85,0.03,7,400,0.85,"{'colsample_bytree': 0.85, 'learning_rate': 0.03, 'max_depth': 7, 'n_estimators': 400, 'subsample': 0.85}",0.9957980009907627,0.9976846377633105,0.9962302648332061,0.9965709678624264,0.0008070144540103266,68
2.887056350708008,0.7120923970006974,0.10240356127421062,0.024298114961908528,0.85,0.03,7,400,1.0,"{'colsample_bytree': 0.85, 'learning_rate': 0.03, 'max_depth': 7, 'n_estimators': 400, 'subsample': 1.0}",0.9957980009907627,0.9970532470229595,0.9962302648332061,0.9963605042823094,0.0005206613652612306,112
0.8335127035776774,0.01382483848652363,0.02733890215555827,0.0016930205687864942,0.85,0.08,3,100,0.7,"{'colsample_bytree': 0.85, 'learning_rate': 0.08, 'max_depth': 3, 'n_estimators': 100, 'subsample': 0.7}",0.9937136611668144,0.9909448569332932,0.9931095825675845,0.9925893668892307,0.0011887072768053861,223
0.7500388622283936,0.07451918953509923,0.029033819834391277,0.005513045920802888,0.85,0.08,3,100,0.85,"{'colsample_bytree': 0.85, 'learning_rate': 0.08, 'max_depth': 3, 'n_estimators': 100, 'subsample': 0.85}",0.9937136611668144,0.9930618624395167,0.9931095825675845,0.9932950353913051,0.00029665351011598344,215
0.6118058363596598,0.03787396547637071,0.03134711583455404,0.007845043580437349,0.85,0.08,3,100,1.0,"{'colsample_bytree': 0.85, 'learning_rate': 0.08, 'max_depth': 3, 'n_estimators': 100, 'subsample': 1.0}",0.9937136611668144,0.990317561585606,0.9920730067656048,0.9920347431726751,0.0013867158248367002,232
1.204155683517456,0.2813223057256177,0.04262646039326986,0.0023021734239266505,0.85,0.08,3,200,0.7,"{'colsample_bytree': 0.85, 'learning_rate': 0.08, 'max_depth': 3, 'n_estimators': 200, 'subsample': 0.7}",0.9937136611668144,0.9983187914068767,0.9962302648332061,0.9960875724689657,0.0018827421429205519,172
1.288630485534668,0.22816183268041787,0.04677232106526693,0.0028193041257261204,0.85,0.08,3,200,0.85,"{'colsample_bytree': 0.85, 'learning_rate': 0.08, 'max_depth': 3, 'n_estimators': 200, 'subsample': 0.85}",0.9937136611668144,0.9983187914068767,0.9968649707780143,0.9962991411172352,0.0019221391791000842,130
1.216030518213908,0.015022555243246699,0.04509568214416504,0.003197578183684434,0.85,0.08,3,200,1.0,"{'colsample_bytree': 0.85, 'learning_rate': 0.08, 'max_depth': 3, 'n_estimators': 200, 'subsample': 1.0}",0.9937136611668144,0.9983187914068767,0.9989530851272655,0.9969951792336521,0.002334788034371799,11
2.9078241984049478,0.2159976653088622,0.08356221516927083,0.0030284111322249254,0.85,0.08,3,400,0.7,"{'colsample_bytree': 0.85, 'learning_rate': 0.08, 'max_depth': 3, 'n_estimators': 400, 'subsample': 0.7}",0.9937136611668144,0.9993673624806375,0.9972742072244024,0.9967850769572847,0.0023338838803075765,23
2.7392121156056723,0.20575235647618062,0.07752068837483723,0.0007190760296205643,0.85,0.08,3,400,0.85,"{'colsample_bytree': 0.85, 'learning_rate': 0.08, 'max_depth': 3, 'n_estimators': 400, 'subsample': 0.85}",0.9937136611668144,0.9993673624806375,0.9979080818372812,0.9969963684949109,0.002396455792828683,6
2.311913092931112,0.1775490872622829,0.07302991549173991,0.003956215809390193,0.85,0.08,3,400,1.0,"{'colsample_bytree': 0.85, 'learning_rate': 0.08, 'max_depth': 3, 'n_estimators': 400, 'subsample': 1.0}",0.9937136611668144,0.9983187914068767,0.9989530851272655,0.9969951792336521,0.002334788034371799,11
1.1631817817687988,0.09824065500731216,0.04595120747884115,0.0025456419043169863,0.85,0.08,5,100,0.7,"{'colsample_bytree': 0.85, 'learning_rate': 0.08, 'max_depth': 5, 'n_estimators': 100, 'subsample': 0.7}",0.9937136611668144,0.9976846377633105,0.9962302648332061,0.9958761879211103,0.0016403641114580798,188
1.2069567044576008,0.11230689033320715,0.043943325678507485,0.002534389797392897,0.85,0.08,5,100,0.85,"{'colsample_bytree': 0.85, 'learning_rate': 0.08, 'max_depth': 5, 'n_estimators': 100, 'subsample': 0.85}",0.9957980009907627,0.9970532470229595,0.9962302648332061,0.9963605042823094,0.0005206613652612306,112
1.002566973368327,0.07570893874585333,0.04112346967061361,0.0031877316799927,0.85,0.08,5,100,1.0,"{'colsample_bytree': 0.85, 'learning_rate': 0.08, 'max_depth': 5, 'n_estimators': 100, 'subsample': 1.0}",0.994754895411544,0.9970532470229595,0.9962302648332061,0.99601280242257,0.0009508145481476336,180
1.9849259853363037,0.06190287424432385,0.0713483492533366,0.005394781156698596,0.85,0.08,5,200,0.7,"{'colsample_bytree': 0.85, 'learning_rate': 0.08, 'max_depth': 5, 'n_estimators': 200, 'subsample': 0.7}",0.9957980009907627,0.9976846377633105,0.9962302648332061,0.9965709678624264,0.0008070144540103266,68
1.8377235730489094,0.14850801124092486,0.07387288411458333,0.0021432169517635047,0.85,0.08,5,200,0.85,"{'colsample_bytree': 0.85, 'learning_rate': 0.08, 'max_depth': 5, 'n_estimators': 200, 'subsample': 0.85}",0.9957980009907627,0.9976846377633105,0.9962302648332061,0.9965709678624264,0.0008070144540103266,68
1.5818958282470703,0.1396427524728365,0.06071035067240397,0.0004185823826568012,0.85,0.08,5,200,1.0,"{'colsample_bytree': 0.85, 'learning_rate': 0.08, 'max_depth': 5, 'n_estimators': 200, 'subsample': 1.0}",0.9957980009907627,0.9976846377633105,0.9962302648332061,0.9965709678624264,0.0008070144540103266,68
3.3337602615356445,0.09142337447445503,0.11324199040730794,0.009748669632462995,0.85,0.08,5,400,0.7,"{'colsample_bytree': 0.85, 'learning_rate': 0.08, 'max_depth': 5, 'n_estimators': 400, 'subsample': 0.7}",0.9957980009907627,0.9983176944245636,0.9962302648332061,0.9967819867495108,0.0011001550056796998,39
2.7763098080952964,0.03343187068337486,0.0974716345469157,0.004799629242791203,0.85,0.08,5,400,0.85,"{'colsample_bytree': 0.85, 'learning_rate': 0.08, 'max_depth': 5, 'n_estimators': 400, 'subsample': 0.85}",0.9957980009907627,0.9983176944245636,0.9962302648332061,0.9967819867495108,0.0011001550056796998,39
2.6486204465230307,0.05838139968423865,0.09550046920776367,0.008361785939936552,0.85,0.08,5,400,1.0,"{'colsample_bytree': 0.85, 'learning_rate': 0.08, 'max_depth': 5, 'n_estimators': 400, 'subsample': 1.0}",0.994754895411544,0.9983176944245636,0.9968649707780143,0.9966458535380407,0.0014627356734178113,60
1.358087460199992,0.015481463176765256,0.051070849100748696,0.0023260570497755395,0.85,0.08,7,100,0.7,"{'colsample_bytree': 0.85, 'learning_rate': 0.08, 'max_depth': 7, 'n_estimators': 100, 'subsample': 0.7}",0.9957980009907627,0.9976846377633105,0.9962302648332061,0.9965709678624264,0.0008070144540103266,68
1.2953599294026692,0.08796599562534572,0.04754304885864258,0.0010346329288402868,0.85,0.08,7,100,0.85,"{'colsample_bytree': 0.85, 'learning_rate': 0.08, 'max_depth': 7, 'n_estimators': 100, 'subsample': 0.85}",0.9957980009907627,0.9970532470229595,0.9962302648332061,0.9963605042823094,0.0005206613652612306,112
1.1070763270060222,0.09838626760718962,0.0481266180674235,0.002913568570730092,0.85,0.08,7,100,1.0,"{'colsample_bytree': 0.85, 'learning_rate': 0.08, 'max_depth': 7, 'n_estimators': 100, 'subsample': 1.0}",0.9957980009907627,0.9964197712198156,0.9962302648332061,0.9961493456812615,0.00026020567031705697,170
2.0623430411020913,0.17538740746818965,0.08513792355855306,0.005155245061205032,0.85,0.08,7,200,0.7,"{'colsample_bytree': 0.85, 'learning_rate': 0.08, 'max_depth': 7, 'n_estimators': 200, 'subsample': 0.7}",0.9957980009907627,0.9976846377633105,0.9962302648332061,0.9965709678624264,0.0008070144540103266,68
2.082801659901937,0.1644229271311077,0.07781378428141277,0.008460397012823523,0.85,0.08,7,200,0.85,"{'colsample_bytree': 0.85, 'learning_rate': 0.08, 'max_depth': 7, 'n_estimators': 200, 'subsample': 0.85}",0.9957980009907627,0.9976846377633105,0.9962302648332061,0.9965709678624264,0.0008070144540103266,68
1.8638499577840169,0.002093714888530231,0.06800333658854167,0.001898482112227204,0.85,0.08,7,200,1.0,"{'colsample_bytree': 0.85, 'learning_rate': 0.08, 'max_depth': 7, 'n_estimators': 200, 'subsample': 1.0}",0.9957980009907627,0.9970511573071988,0.9962302648332061,0.9963598077103892,0.0005197346798304155,127
3.267683664957682,0.1835740219055776,0.1049954096476237,0.007288807778246552,0.85,0.08,7,400,0.7,"{'colsample_bytree': 0.85, 'learning_rate': 0.08, 'max_depth': 7, 'n_estimators': 400, 'subsample': 0.7}",0.9957980009907627,0.9989503310233064,0.9962302648332061,0.9969928656157584,0.0013953413259083264,20
3.552426735560099,0.4337815286117824,0.12105011940002441,0.015843437672713262,0.85,0.08,7,400,0.85,"{'colsample_bytree': 0.85, 'learning_rate': 0.08, 'max_depth': 7, 'n_estimators': 400, 'subsample': 0.85}",0.9957980009907627,0.9976846377633105,0.9962302648332061,0.9965709678624264,0.0008070144540103266,68
2.7895739873250327,0.10596440720367022,0.09493660926818848,0.008740594225432082,0.85,0.08,7,400,1.0,"{'colsample_bytree': 0.85, 'learning_rate': 0.08, 'max_depth': 7, 'n_estimators': 400, 'subsample': 1.0}",0.994754895411544,0.9976846377633105,0.9962302648332061,0.996223266002687,0.0011960725450838388,150
0.8203045527140299,0.06004867608794682,0.03173534075419108,0.0023916246897338535,0.85,0.15,3,100,0.7,"{'colsample_bytree': 0.85, 'learning_rate': 0.15, 'max_depth': 3, 'n_estimators': 100, 'subsample': 0.7}",0.9937136611668144,0.9983187914068767,0.9962302648332061,0.9960875724689657,0.0018827421429205519,172
0.7775106430053711,0.07692335761497798,0.034101645151774086,0.0003885004877254881,0.85,0.15,3,100,0.85,"{'colsample_bytree': 0.85, 'learning_rate': 0.15, 'max_depth': 3, 'n_estimators': 100, 'subsample': 0.85}",0.9937136611668144,0.9983187914068767,0.9968649707780143,0.9962991411172352,0.0019221391791000842,130
0.6794410546620687,0.10330821878882543,0.03397146860758463,0.0007087097057130638,0.85,0.15,3,100,1.0,"{'colsample_bytree': 0.85, 'learning_rate': 0.15, 'max_depth': 3, 'n_estimators': 100, 'subsample': 1.0}",0.9937136611668144,0.9983187914068767,0.9968649707780143,0.9962991411172352,0.0019221391791000842,130
1.8474586804707844,0.23862636665207596,0.0702670415242513,0.022946282630784118,0.85,0.15,3,200,0.7,"{'colsample_bytree': 0.85, 'learning_rate': 0.15, 'max_depth': 3, 'n_estimators': 200, 'subsample': 0.7}",0.9937136611668144,0.9983187914068767,0.9983200390721274,0.9967841638819395,0.0021711733512642844,27
1.658657709757487,0.30639073009708917,0.0485678513844808,0.002947488904153566,0.85,0.15,3,200,0.85,"{'colsample_bytree': 0.85, 'learning_rate': 0.15, 'max_depth': 3, 'n_estimators': 200, 'subsample': 0.85}",0.9937136611668144,0.9983187914068767,0.9979080818372812,0.9966468448036574,0.002080840418872829,52
1.5669973691304524,0.29052655995310317,0.058511575063069664,0.016332710818238776,0.85,0.15,3,200,1.0,"{'colsample_bytree': 0.85, 'learning_rate': 0.15, 'max_depth': 3, 'n_estimators': 200, 'subsample': 1.0}",0.9937136611668144,0.9983187914068767,0.9979080818372812,0.9966468448036574,0.002080840418872829,52
4.021207571029663,0.1479919102452069,0.138991912206014,0.01689052236982885,0.85,0.15,3,400,0.7,"{'colsample_bytree': 0.85, 'learning_rate': 0.15, 'max_depth': 3, 'n_estimators': 400, 'subsample': 0.7}",0.9937136611668144,0.9983187914068767,0.9983200390721274,0.9967841638819395,0.0021711733512642844,27
2.3664143880208335,0.03121750466483979,0.07305065790812175,0.004284478432778197,0.85,0.15,3,400,0.85,"{'colsample_bytree': 0.85, 'learning_rate': 0.15, 'max_depth': 3, 'n_estimators': 400, 'subsample': 0.85}",0.9937136611668144,0.9983187914068767,0.9989530851272655,0.9969951792336521,0.002334788034371799,11
1.9372433026631672,0.15962899330601946,0.06507436434427898,0.006831237878623159,0.85,0.15,3,400,1.0,"{'colsample_bytree': 0.85, 'learning_rate': 0.15, 'max_depth': 3, 'n_estimators': 400, 'subsample': 1.0}",0.9937136611668144,0.9983187914068767,0.9989530851272655,0.9969951792336521,0.002334788034371799,11
0.9770912329355875,0.06312675621006224,0.04877805709838867,0.0008235670952185454,0.85,0.15,5,100,0.7,"{'colsample_bytree': 0.85, 'learning_rate': 0.15, 'max_depth': 5, 'n_estimators': 100, 'subsample': 0.7}",0.9937136611668144,0.9983176944245636,0.9962302648332061,0.9960872068081947,0.001882308823139899,177
1.1185232003529866,0.23542066001919731,0.05416337649027506,0.015618667059851528,0.85,0.15,5,100,0.85,"{'colsample_bytree': 0.85, 'learning_rate': 0.15, 'max_depth': 5, 'n_estimators': 100, 'subsample': 0.85}",0.9937136611668144,0.9976846377633105,0.9962302648332061,0.9958761879211103,0.0016403641114580798,188
1.1087524096171062,0.16700351517832307,0.048589468002319336,0.005607242515747678,0.85,0.15,5,100,1.0,"{'colsample_bytree': 0.85, 'learning_rate': 0.15, 'max_depth': 5, 'n_estimators': 100, 'subsample': 1.0}",0.9937136611668144,0.9983176944245636,0.9968649707780143,0.9962987754564642,0.001921754999338597,137
2.3888398011525473,0.05822144991472747,0.11424732208251953,0.025980609075767512,0.85,0.15,5,200,0.7,"{'colsample_bytree': 0.85, 'learning_rate': 0.15, 'max_depth': 5, 'n_estimators': 200, 'subsample': 0.7}",0.9937136611668144,0.9983176944245636,0.9962302648332061,0.9960872068081947,0.001882308823139899,177
1.5815699100494385,0.12128598173288052,0.06917111078898112,0.0038628773573080293,0.85,0.15,5,200,0.85,"{'colsample_bytree': 0.85, 'learning_rate': 0.15, 'max_depth': 5, 'n_estimators': 200, 'subsample': 0.85}",0.9937136611668144,0.9983176944245636,0.9968649707780143,0.9962987754564642,0.001921754999338597,137
1.2694772879282634,0.09363624286235796,0.06337849299112956,0.003232318312984338,0.85,0.15,5,200,1.0,"{'colsample_bytree': 0.85, 'learning_rate': 0.15, 'max_depth': 5, 'n_estimators': 200, 'subsample': 1.0}",0.9943483436676526,0.9983176944245636,0.9968649707780143,0.9965103362900769,0.0016397683927664134,96
2.7002107302347818,0.14799349139578413,0.09205134709676106,0.0016750438551363862,0.85,0.15,5,400,0.7,"{'colsample_bytree': 0.85, 'learning_rate': 0.15, 'max_depth': 5, 'n_estimators': 400, 'subsample': 0.7}",0.9937136611668144,0.9993673624806375,0.9962302648332061,0.9964370961602192,0.002312742821104691,105
3.7626885573069253,0.7526184044937936,0.10174775123596191,0.021431868838768506,0.85,0.15,5,400,0.85,"{'colsample_bytree': 0.85, 'learning_rate': 0.15, 'max_depth': 5, 'n_estimators': 400, 'subsample': 0.85}",0.9937136611668144,0.9983176944245636,0.9979080818372812,0.9966464791428864,0.002080546655488007,57
2.5088865756988525,0.4637313692142138,0.08623059590657552,0.011777354997051553,0.85,0.15,5,400,1.0,"{'colsample_bytree': 0.85, 'learning_rate': 0.15, 'max_depth': 5, 'n_estimators': 400, 'subsample': 1.0}",0.9943483436676526,0.9983176944245636,0.9979080818372812,0.9968580399764991,0.0017824846497503815,21
1.0693150361378987,0.079096481297698,0.04845897356669108,0.00046130729092024687,0.85,0.15,7,100,0.7,"{'colsample_bytree': 0.85, 'learning_rate': 0.15, 'max_depth': 7, 'n_estimators': 100, 'subsample': 0.7}",0.994754895411544,0.9989503310233064,0.9962302648332061,0.9966451637560189,0.0017377237659698022,62
1.1139596303304036,0.07413212255903937,0.04624040921529134,0.0016312657181803557,0.85,0.15,7,100,0.85,"{'colsample_bytree': 0.85, 'learning_rate': 0.15, 'max_depth': 7, 'n_estimators': 100, 'subsample': 0.85}",0.9957980009907627,0.9976846377633105,0.9962302648332061,0.9965709678624264,0.0008070144540103266,68
1.2897981802622478,0.2126700067347048,0.054253339767456055,0.009085923772393511,0.85,0.15,7,100,1.0,"{'colsample_bytree': 0.85, 'learning_rate': 0.15, 'max_depth': 7, 'n_estimators': 100, 'subsample': 1.0}",0.9937136611668144,0.9976846377633105,0.9962302648332061,0.9958761879211103,0.0016403641114580798,188
2.745025952657064,0.0710388114764091,0.12080065409342448,0.02498613675578335,0.85,0.15,7,200,0.7,"{'colsample_bytree': 0.85, 'learning_rate': 0.15, 'max_depth': 7, 'n_estimators': 200, 'subsample': 0.7}",0.994754895411544,0.9989503310233064,0.9951881926555689,0.9962978063634731,0.0018839412461977567,141
1.9079598585764568,0.5433158145575108,0.0724488894144694,0.020379510543254313,0.85,0.15,7,200,0.85,"{'colsample_bytree': 0.85, 'learning_rate': 0.15, 'max_depth': 7, 'n_estimators': 200, 'subsample': 0.85}",0.9957980009907627,0.9976846377633105,0.9962302648332061,0.9965709678624264,0.0008070144540103266,68
1.3644665877024333,0.09602601329159124,0.05931448936462402,0.0025389468638186328,0.85,0.15,7,200,1.0,"{'colsample_bytree': 0.85, 'learning_rate': 0.15, 'max_depth': 7, 'n_estimators': 200, 'subsample': 1.0}",0.9937136611668144,0.9989503310233064,0.9962302648332061,0.9962980856744422,0.002138399330707069,140
2.7708580493927,0.22043457696663757,0.08155465126037598,0.0035494621034190313,0.85,0.15,7,400,0.7,"{'colsample_bytree': 0.85, 'learning_rate': 0.15, 'max_depth': 7, 'n_estimators': 400, 'subsample': 0.7}",0.994754895411544,0.9989503310233064,0.9962302648332061,0.9966451637560189,0.0017377237659698022,62
3.183260997136434,1.1165723563554306,0.09287460645039876,0.026904737977541258,0.85,0.15,7,400,0.85,"{'colsample_bytree': 0.85, 'learning_rate': 0.15, 'max_depth': 7, 'n_estimators': 400, 'subsample': 0.85}",0.994754895411544,0.9989503310233064,0.9968649707780143,0.9968567324042882,0.0017127893227544067,22
2.669485012690226,0.8974173846587399,0.08520245552062988,0.016323843520361328,0.85,0.15,7,400,1.0,"{'colsample_bytree': 0.85, 'learning_rate': 0.15, 'max_depth': 7, 'n_estimators': 400, 'subsample': 1.0}",0.9937136611668144,0.9989503310233064,0.9968649707780143,0.9965096543227117,0.0021525744484267775,97
1.0145073731740315,0.3711738600174288,0.03138105074564616,0.008304124828896075,1.0,0.03,3,100,0.7,"{'colsample_bytree': 1.0, 'learning_rate': 0.03, 'max_depth': 3, 'n_estimators': 100, 'subsample': 0.7}",0.9918320872645224,0.9854751370760355,0.9882622268482567,0.9885231503962716,0.0026017641128226136,239
1.296074628829956,0.40499891403613847,0.05202054977416992,0.0211479456876724,1.0,0.03,3,100,0.85,"{'colsample_bytree': 1.0, 'learning_rate': 0.03, 'max_depth': 3, 'n_estimators': 100, 'subsample': 0.85}",0.9949567706629736,0.9854751370760355,0.9882622268482567,0.9895647115290886,0.003978918917418775,236
0.594855546951294,0.0852872172086335,0.024893919626871746,0.00156670110348034,1.0,0.03,3,100,1.0,"{'colsample_bytree': 1.0, 'learning_rate': 0.03, 'max_depth': 3, 'n_estimators': 100, 'subsample': 1.0}",0.9918320872645224,0.9854751370760355,0.9882622268482567,0.9885231503962716,0.0026017641128226136,239
2.453099489212036,0.5773904664206431,0.05554572741190592,0.012698982624194074,1.0,0.03,3,200,0.7,"{'colsample_bytree': 1.0, 'learning_rate': 0.03, 'max_depth': 3, 'n_estimators': 200, 'subsample': 0.7}",0.9968429970442668,0.9909448569332932,0.9920730067656048,0.9932869535810549,0.0025563338781968217,216
2.4989912509918213,0.5889010123317712,0.05748899777730306,0.01465705548630934,1.0,0.03,3,200,0.85,"{'colsample_bytree': 1.0, 'learning_rate': 0.03, 'max_depth': 3, 'n_estimators': 200, 'subsample': 0.85}",0.9974752049799086,0.9909448569332932,0.9920792840240132,0.9934997819790716,0.0028489439251211945,214
1.9378376801808674,0.5895219938487881,0.05516242980957031,0.014384016312359658,1.0,0.03,3,200,1.0,"{'colsample_bytree': 1.0, 'learning_rate': 0.03, 'max_depth': 3, 'n_estimators': 200, 'subsample': 1.0}",0.996431031040077,0.9867283946659281,0.9920792840240132,0.9917462365766728,0.00396807918300315,234
3.827643632888794,1.4285383119737594,0.08556040128072102,0.02931279472382677,1.0,0.03,3,400,0.7,"{'colsample_bytree': 1.0, 'learning_rate': 0.03, 'max_depth': 3, 'n_estimators': 400, 'subsample': 0.7}",0.9937136611668144,0.9979064247156352,0.9958237327188941,0.9958146062004479,0.0017117007164580166,193
2.678434451421102,0.3697831106370143,0.06180612246195475,0.0030323202682233617,1.0,0.03,3,400,0.85,"{'colsample_bytree': 1.0, 'learning_rate': 0.03, 'max_depth': 3, 'n_estimators': 400, 'subsample': 0.85}",0.9937136611668144,0.9983187914068767,0.9968649707780143,0.9962991411172352,0.0019221391791000842,130
2.933424154917399,1.0187903381513488,0.0799570083618164,0.03049611293554642,1.0,0.03,3,400,1.0,"{'colsample_bytree': 1.0, 'learning_rate': 0.03, 'max_depth': 3, 'n_estimators': 400, 'subsample': 1.0}",0.992674279236192,0.9979064247156352,0.9958237327188941,0.9954681455569071,0.0021507623844956155,202
1.45409361521403,0.5209199165391789,0.0353850523630778,0.0111453743144396,1.0,0.03,5,100,0.7,"{'colsample_bytree': 1.0, 'learning_rate': 0.03, 'max_depth': 5, 'n_estimators': 100, 'subsample': 0.7}",0.9945343813164427,0.9907415681315399,0.9931095825675845,0.9927951773385223,0.0015642881128358431,219
1.1633707682291667,0.15371272992446175,0.0286406675974528,0.000692792327717593,1.0,0.03,5,100,0.85,"{'colsample_bytree': 1.0, 'learning_rate': 0.03, 'max_depth': 5, 'n_estimators': 100, 'subsample': 0.85}",0.9945343813164427,0.9917794291700349,0.9905563499222394,0.9922900534695723,0.0016636779185037116,227
1.6796146233876545,0.39041519315860124,0.052421013514200844,0.01971901272746502,1.0,0.03,5,100,1.0,"{'colsample_bytree': 1.0, 'learning_rate': 0.03, 'max_depth': 5, 'n_estimators': 100, 'subsample': 1.0}",0.9955801958619737,0.991798240833794,0.9905563499222394,0.992644928872669,0.002136573188219342,221
3.3289341926574707,1.1244680316419582,0.07574327786763509,0.0215785994270195,1.0,0.03,5,200,0.7,"{'colsample_bytree': 1.0, 'learning_rate': 0.03, 'max_depth': 5, 'n_estimators': 200, 'subsample': 0.7}",0.9951678168488277,0.9970532470229595,0.9962302648332061,0.9961504429016644,0.0007717902957617156,160
2.7480734984079995,1.0036067096042287,0.062529722849528,0.021189790493031,1.0,0.03,5,200,0.85,"{'colsample_bytree': 1.0, 'learning_rate': 0.03, 'max_depth': 5, 'n_estimators': 200, 'subsample': 0.85}",0.9962128074698627,0.9970532470229595,0.9962302648332061,0.9964987731086761,0.00039213703480567703,101
3.139573574066162,0.7620476136005496,0.07064398129781087,0.026417327886432907,1.0,0.03,5,200,1.0,"{'colsample_bytree': 1.0, 'learning_rate': 0.03, 'max_depth': 5, 'n_estimators': 200, 'subsample': 1.0}",0.9962128074698627,0.9970532470229595,0.9962302648332061,0.9964987731086761,0.00039213703480567703,101
4.113082408905029,1.2314256654273021,0.09013160069783528,0.0159735568483675,1.0,0.03,5,400,0.7,"{'colsample_bytree': 1.0, 'learning_rate': 0.03, 'max_depth': 5, 'n_estimators': 400, 'subsample': 0.7}",0.9957980009907627,0.9976846377633105,0.9962302648332061,0.9965709678624264,0.0008070144540103266,68
4.573095401128133,1.3556767958398033,0.09289320309956868,0.004946705957070444,1.0,0.03,5,400,0.85,"{'colsample_bytree': 1.0, 'learning_rate': 0.03, 'max_depth': 5, 'n_estimators': 400, 'subsample': 0.85}",0.9951678168488277,0.9976846377633105,0.9962302648332061,0.9963609064817814,0.0010316321402358403,111
3.406451463699341,0.020180877623800608,0.07039682070414226,0.0020951224182716006,1.0,0.03,5,400,1.0,"{'colsample_bytree': 1.0, 'learning_rate': 0.03, 'max_depth': 5, 'n_estimators': 400, 'subsample': 1.0}",0.9951678168488277,0.9970532470229595,0.9962302648332061,0.9961504429016644,0.0007717902957617156,160
1.9919828573862712,0.55975233452404,0.05339789390563965,0.01191925637114495,1.0,0.03,7,100,0.7,"{'colsample_bytree': 1.0, 'learning_rate': 0.03, 'max_depth': 7, 'n_estimators': 100, 'subsample': 0.7}",0.9945343813164427,0.9949497026464228,0.9962302648332061,0.9952381162653573,0.0007217534377230631,207
1.699478308359782,0.5264987004605022,0.05972830454508463,0.03827572859477154,1.0,0.03,7,100,0.85,"{'colsample_bytree': 1.0, 'learning_rate': 0.03, 'max_depth': 7, 'n_estimators': 100, 'subsample': 0.85}",0.9945343813164427,0.9970532470229595,0.9936871599766869,0.9950915961053631,0.001429569105596679,209
1.1703058083852131,0.12125320564186655,0.0308531920115153,0.0009042924797265242,1.0,0.03,7,100,1.0,"{'colsample_bytree': 1.0, 'learning_rate': 0.03, 'max_depth': 7, 'n_estimators': 100, 'subsample': 1.0}",0.9955801958619737,0.9970532470229595,0.9936871599766869,0.9954402009538734,0.0013777601222011483,203
1.9603993892669678,0.16596113721588387,0.04259133338928223,0.002046891998917812,1.0,0.03,7,200,0.7,"{'colsample_bytree': 1.0, 'learning_rate': 0.03, 'max_depth': 7, 'n_estimators': 200, 'subsample': 0.7}",0.9951678168488277,0.9970532470229595,0.9962302648332061,0.9961504429016644,0.0007717902957617156,160
2.566261053085327,0.3997431379760192,0.03760790824890137,0.002232630562406837,1.0,0.03,7,200,0.85,"{'colsample_bytree': 1.0, 'learning_rate': 0.03, 'max_depth': 7, 'n_estimators': 200, 'subsample': 0.85}",0.9951678168488277,0.9970532470229595,0.9962302648332061,0.9961504429016644,0.0007717902957617156,160
9.541910886764526,10.36075775374814,0.03538632392883301,0.0037894055604951403,1.0,0.03,7,200,1.0,"{'colsample_bytree': 1.0, 'learning_rate': 0.03, 'max_depth': 7, 'n_estimators': 200, 'subsample': 1.0}",0.9962128074698627,0.9970532470229595,0.9962302648332061,0.9964987731086761,0.00039213703480567703,101
6.578959544499715,2.5092060515227725,0.1861267884572347,0.0803016524482313,1.0,0.03,7,400,0.7,"{'colsample_bytree': 1.0, 'learning_rate': 0.03, 'max_depth': 7, 'n_estimators': 400, 'subsample': 0.7}",0.9957980009907627,0.9983176944245636,0.9962302648332061,0.9967819867495108,0.0011001550056796998,39
6.629046599070231,2.088388748242034,0.1672049363454183,0.07138823341397363,1.0,0.03,7,400,0.85,"{'colsample_bytree': 1.0, 'learning_rate': 0.03, 'max_depth': 7, 'n_estimators': 400, 'subsample': 0.85}",0.9957980009907627,0.9976846377633105,0.9962302648332061,0.9965709678624264,0.0008070144540103266,68
5.8373909791310625,1.8619194732943394,0.11774086952209473,0.04390121565931816,1.0,0.03,7,400,1.0,"{'colsample_bytree': 1.0, 'learning_rate': 0.03, 'max_depth': 7, 'n_estimators': 400, 'subsample': 1.0}",0.9951678168488277,0.9976863002820787,0.9962302648332061,0.9963614606547041,0.0010323432757805135,110
1.9358954429626465,0.1518956740779553,0.04407858848571777,0.013349632146405707,1.0,0.08,3,100,0.7,"{'colsample_bytree': 1.0, 'learning_rate': 0.08, 'max_depth': 3, 'n_estimators': 100, 'subsample': 0.7}",0.9937136611668144,0.9909448569332932,0.9931095825675845,0.9925893668892307,0.0011887072768053861,223
2.0142927964528403,0.1124546292078387,0.061191161473592125,0.009954786125534926,1.0,0.08,3,100,0.85,"{'colsample_bytree': 1.0, 'learning_rate': 0.08, 'max_depth': 3, 'n_estimators': 100, 'subsample': 0.85}",0.9937136611668144,0.9909448569332932,0.9937467992776474,0.9928017724592516,0.0013131072529200046,218
1.210688829421997,0.49788768676809775,0.04104407628377279,0.016488014717689493,1.0,0.08,3,100,1.0,"{'colsample_bytree': 1.0, 'learning_rate': 0.08, 'max_depth': 3, 'n_estimators': 100, 'subsample': 1.0}",0.9943483436676526,0.9899081012659804,0.9937467992776474,0.9926677480704268,0.001966757361285338,220
2.8486045201619468,1.348990493667808,0.09708913167317708,0.04565713919560907,1.0,0.08,3,200,0.7,"{'colsample_bytree': 1.0, 'learning_rate': 0.08, 'max_depth': 3, 'n_estimators': 200, 'subsample': 0.7}",0.9937136611668144,0.9983187914068767,0.9968649707780143,0.9962991411172352,0.0019221391791000842,130
1.0713260968526204,0.17899258997762646,0.03357855478922526,0.0019530818126718842,1.0,0.08,3,200,0.85,"{'colsample_bytree': 1.0, 'learning_rate': 0.08, 'max_depth': 3, 'n_estimators': 200, 'subsample': 0.85}",0.9937136611668144,0.9983187914068767,0.9968649707780143,0.9962991411172352,0.0019221391791000842,130
1.5353128910064697,1.0766011989072564,0.04764946301778158,0.023921574229367075,1.0,0.08,3,200,1.0,"{'colsample_bytree': 1.0, 'learning_rate': 0.08, 'max_depth': 3, 'n_estimators': 200, 'subsample': 1.0}",0.9937136611668144,0.9972721254468273,0.9968649707780143,0.9959502524638854,0.0015902199436313212,183
4.87088139851888,2.165208984254408,0.13924129803975424,0.06612515458144143,1.0,0.08,3,400,0.7,"{'colsample_bytree': 1.0, 'learning_rate': 0.08, 'max_depth': 3, 'n_estimators': 400, 'subsample': 0.7}",0.9937136611668144,0.9979064247156352,0.9979080818372812,0.9965093892399102,0.0019768783945967837,99
3.502809921900431,1.9996285638902418,0.09139474232991536,0.04699210706964808,1.0,0.08,3,400,0.85,"{'colsample_bytree': 1.0, 'learning_rate': 0.08, 'max_depth': 3, 'n_estimators': 400, 'subsample': 0.85}",0.9937136611668144,0.9983187914068767,0.9979080818372812,0.9966468448036574,0.002080840418872829,52
5.122570355733235,0.17819062604535946,0.14065313339233398,0.01754947041300463,1.0,0.08,3,400,1.0,"{'colsample_bytree': 1.0, 'learning_rate': 0.08, 'max_depth': 3, 'n_estimators': 400, 'subsample': 1.0}",0.9937136611668144,0.9960022434581313,0.9989530851272655,0.9962229965840703,0.00214467399485274,156
0.6623117923736572,0.017153372730568252,0.026210784912109375,0.00188475567420219,1.0,0.08,5,100,0.7,"{'colsample_bytree': 1.0, 'learning_rate': 0.08, 'max_depth': 5, 'n_estimators': 100, 'subsample': 0.7}",0.9957980009907627,0.9976846377633105,0.9962302648332061,0.9965709678624264,0.0008070144540103266,68
0.657442569732666,0.0243371192882646,0.02547113100687663,0.002173606455741236,1.0,0.08,5,100,0.85,"{'colsample_bytree': 1.0, 'learning_rate': 0.08, 'max_depth': 5, 'n_estimators': 100, 'subsample': 0.85}",0.9951678168488277,0.9970532470229595,0.9962302648332061,0.9961504429016644,0.0007717902957617156,160
0.7132438818613688,0.17720121525113394,0.023977359135945637,0.00037185331521107583,1.0,0.08,5,100,1.0,"{'colsample_bytree': 1.0, 'learning_rate': 0.08, 'max_depth': 5, 'n_estimators': 100, 'subsample': 1.0}",0.9962128074698627,0.9970532470229595,0.9962302648332061,0.9964987731086761,0.00039213703480567703,101
2.0394965012868247,1.2824999196224431,0.060983737309773765,0.02247027932210511,1.0,0.08,5,200,0.7,"{'colsample_bytree': 1.0, 'learning_rate': 0.08, 'max_depth': 5, 'n_estimators': 200, 'subsample': 0.7}",0.9957980009907627,0.9976846377633105,0.9962302648332061,0.9965709678624264,0.0008070144540103266,68
1.2616956233978271,0.20210790668027487,0.04483215014139811,0.004048160334728609,1.0,0.08,5,200,0.85,"{'colsample_bytree': 1.0, 'learning_rate': 0.08, 'max_depth': 5, 'n_estimators': 200, 'subsample': 0.85}",0.9957980009907627,0.9976846377633105,0.9962302648332061,0.9965709678624264,0.0008070144540103266,68
2.463695685068766,1.0544535141969311,0.07994794845581055,0.032522855763939346,1.0,0.08,5,200,1.0,"{'colsample_bytree': 1.0, 'learning_rate': 0.08, 'max_depth': 5, 'n_estimators': 200, 'subsample': 1.0}",0.9951678168488277,0.9970532470229595,0.9962302648332061,0.9961504429016644,0.0007717902957617156,160
3.4915525118509927,2.2549772030512814,0.09371169408162434,0.04698391956107241,1.0,0.08,5,400,0.7,"{'colsample_bytree': 1.0, 'learning_rate': 0.08, 'max_depth': 5, 'n_estimators': 400, 'subsample': 0.7}",0.9957980009907627,0.9976846377633105,0.9962302648332061,0.9965709678624264,0.0008070144540103266,68
3.557373603185018,2.3659080049062045,0.11440849304199219,0.08057346121078558,1.0,0.08,5,400,0.85,"{'colsample_bytree': 1.0, 'learning_rate': 0.08, 'max_depth': 5, 'n_estimators': 400, 'subsample': 0.85}",0.9957980009907627,0.9976846377633105,0.9968649707780143,0.9967825365106958,0.0007724187699271671,33
2.878504673639933,1.604029885531212,0.08174912134806316,0.044039071036907365,1.0,0.08,5,400,1.0,"{'colsample_bytree': 1.0, 'learning_rate': 0.08, 'max_depth': 5, 'n_estimators': 400, 'subsample': 1.0}",0.9957980009907627,0.9976846377633105,0.9968649707780143,0.9967825365106958,0.0007724187699271671,33
2.7077277501424155,0.05187015718445291,0.0948026180267334,0.006015942229137778,1.0,0.08,7,100,0.7,"{'colsample_bytree': 1.0, 'learning_rate': 0.08, 'max_depth': 7, 'n_estimators': 100, 'subsample': 0.7}",0.9957980009907627,0.9976846377633105,0.9962302648332061,0.9965709678624264,0.0008070144540103266,68
0.9054631392161051,0.28151081091615476,0.026790539423624676,0.000716357054366242,1.0,0.08,7,100,0.85,"{'colsample_bytree': 1.0, 'learning_rate': 0.08, 'max_depth': 7, 'n_estimators': 100, 'subsample': 0.85}",0.9951678168488277,0.9970532470229595,0.9962302648332061,0.9961504429016644,0.0007717902957617156,160
1.1735858917236328,0.7639259795842719,0.043771982192993164,0.028684524395567824,1.0,0.08,7,100,1.0,"{'colsample_bytree': 1.0, 'learning_rate': 0.08, 'max_depth': 7, 'n_estimators': 100, 'subsample': 1.0}",0.9951678168488277,0.9970532470229595,0.9962302648332061,0.9961504429016644,0.0007717902957617156,160
2.2983256181081138,1.3744497384555683,0.11493547757466634,0.09422393894713751,1.0,0.08,7,200,0.7,"{'colsample_bytree': 1.0, 'learning_rate': 0.08, 'max_depth': 7, 'n_estimators': 200, 'subsample': 0.7}",0.9957980009907627,0.9983176944245636,0.9962302648332061,0.9967819867495108,0.0011001550056796998,39
2.2727206548055015,1.5805120400365082,0.0621488094329834,0.028510600752270927,1.0,0.08,7,200,0.85,"{'colsample_bytree': 1.0, 'learning_rate': 0.08, 'max_depth': 7, 'n_estimators': 200, 'subsample': 0.85}",0.9957980009907627,0.9976846377633105,0.9968649707780143,0.9967825365106958,0.0007724187699271671,33
3.69067653020223,0.19548179935124016,0.09238354365030925,0.0133793055765983,1.0,0.08,7,200,1.0,"{'colsample_bytree': 1.0, 'learning_rate': 0.08, 'max_depth': 7, 'n_estimators': 200, 'subsample': 1.0}",0.9951678168488277,0.9983176944245636,0.9968649707780143,0.9967834940171353,0.0012872220819665678,29
6.990294456481934,0.077390093179374,0.18882600466410318,0.01233013833041376,1.0,0.08,7,400,0.7,"{'colsample_bytree': 1.0, 'learning_rate': 0.08, 'max_depth': 7, 'n_estimators': 400, 'subsample': 0.7}",0.9957980009907627,0.9983176944245636,0.9962302648332061,0.9967819867495108,0.0011001550056796998,39
3.552933613459269,2.3146098118548166,0.09164921442667644,0.052318952687575984,1.0,0.08,7,400,0.85,"{'colsample_bytree': 1.0, 'learning_rate': 0.08, 'max_depth': 7, 'n_estimators': 400, 'subsample': 0.85}",0.9957980009907627,0.9983176944245636,0.9968649707780143,0.9969935553977801,0.0010326710523089165,17
2.95603354771932,2.0137529581285825,0.0876921017964681,0.056676153928649886,1.0,0.08,7,400,1.0,"{'colsample_bytree': 1.0, 'learning_rate': 0.08, 'max_depth': 7, 'n_estimators': 400, 'subsample': 1.0}",0.9951678168488277,0.9983176944245636,0.9968649707780143,0.9967834940171353,0.0012872220819665678,29
1.395533561706543,0.5189615604528899,0.053966522216796875,0.020639916222929898,1.0,0.15,3,100,0.7,"{'colsample_bytree': 1.0, 'learning_rate': 0.15, 'max_depth': 3, 'n_estimators': 100, 'subsample': 0.7}",0.9937136611668144,0.9983187914068767,0.9962302648332061,0.9960875724689657,0.0018827421429205519,172
0.5341042677561442,0.08512121191857207,0.021165847778320312,0.0005061527419832565,1.0,0.15,3,100,0.85,"{'colsample_bytree': 1.0, 'learning_rate': 0.15, 'max_depth': 3, 'n_estimators': 100, 'subsample': 0.85}",0.9937136611668144,0.9983187914068767,0.9968649707780143,0.9962991411172352,0.0019221391791000842,130
0.4154828389485677,0.0513342068832967,0.019814252853393555,0.0008888855363672154,1.0,0.15,3,100,1.0,"{'colsample_bytree': 1.0, 'learning_rate': 0.15, 'max_depth': 3, 'n_estimators': 100, 'subsample': 1.0}",0.9937136611668144,0.9979064247156352,0.9968649707780143,0.9961616855534879,0.0017824653571870464,159
1.6767499446868896,1.1286656092488019,0.06202054023742676,0.041253336711856506,1.0,0.15,3,200,0.7,"{'colsample_bytree': 1.0, 'learning_rate': 0.15, 'max_depth': 3, 'n_estimators': 200, 'subsample': 0.7}",0.9937136611668144,0.9979064247156352,0.9972742072244024,0.996298097702284,0.0018456090039980144,139
0.9711004892985026,0.14467138943577282,0.03337701161702474,0.001720473536804205,1.0,0.15,3,200,0.85,"{'colsample_bytree': 1.0, 'learning_rate': 0.15, 'max_depth': 3, 'n_estimators': 200, 'subsample': 0.85}",0.9937136611668144,0.9983187914068767,0.9979080818372812,0.9966468448036574,0.002080840418872829,52
2.5820365746816,0.020218712163359766,0.10112889607747395,0.0230440672838136,1.0,0.15,3,200,1.0,"{'colsample_bytree': 1.0, 'learning_rate': 0.15, 'max_depth': 3, 'n_estimators': 200, 'subsample': 1.0}",0.9937136611668144,0.9960022434581313,0.9989530851272655,0.9962229965840703,0.00214467399485274,156
4.36645245552063,1.9488202793895368,0.11586229006449382,0.04826525667171485,1.0,0.15,3,400,0.7,"{'colsample_bytree': 1.0, 'learning_rate': 0.15, 'max_depth': 3, 'n_estimators': 400, 'subsample': 0.7}",0.9937136611668144,0.9979064247156352,0.9979080818372812,0.9965093892399102,0.0019768783945967837,99
2.968989531199137,1.955055131413882,0.07520182927449544,0.04013999782950798,1.0,0.15,3,400,0.85,"{'colsample_bytree': 1.0, 'learning_rate': 0.15, 'max_depth': 3, 'n_estimators': 400, 'subsample': 0.85}",0.9937136611668144,0.9983187914068767,0.9989530851272655,0.9969951792336521,0.002334788034371799,11
2.468691905339559,1.5059317821591796,0.06739131609598796,0.029990362861236942,1.0,0.15,3,400,1.0,"{'colsample_bytree': 1.0, 'learning_rate': 0.15, 'max_depth': 3, 'n_estimators': 400, 'subsample': 1.0}",0.9937136611668144,0.9960022434581313,0.9989530851272655,0.9962229965840703,0.00214467399485274,156
1.5955241521199544,0.752430138427645,0.05731407801310221,0.021232254536438094,1.0,0.15,5,100,0.7,"{'colsample_bytree': 1.0, 'learning_rate': 0.15, 'max_depth': 5, 'n_estimators': 100, 'subsample': 0.7}",0.9957980009907627,0.9976846377633105,0.9962302648332061,0.9965709678624264,0.0008070144540103266,68
0.5679427782694498,0.01794907224748382,0.027227242787679035,0.000876255850950713,1.0,0.15,5,100,0.85,"{'colsample_bytree': 1.0, 'learning_rate': 0.15, 'max_depth': 5, 'n_estimators': 100, 'subsample': 0.85}",0.9957980009907627,0.9976846377633105,0.9962302648332061,0.9965709678624264,0.0008070144540103266,68
0.9773781299591064,0.6904882597471503,0.040826876958211265,0.02342115970331933,1.0,0.15,5,100,1.0,"{'colsample_bytree': 1.0, 'learning_rate': 0.15, 'max_depth': 5, 'n_estimators': 100, 'subsample': 1.0}",0.9951678168488277,0.9970532470229595,0.9968649707780143,0.9963620115499339,0.0008479141954290405,109
1.9142015775044758,1.0883478629458576,0.06052716573079427,0.02851847378380339,1.0,0.15,5,200,0.7,"{'colsample_bytree': 1.0, 'learning_rate': 0.15, 'max_depth': 5, 'n_estimators': 200, 'subsample': 0.7}",0.9957980009907627,0.9976846377633105,0.9962302648332061,0.9965709678624264,0.0008070144540103266,68
1.732069730758667,1.0540586852049443,0.0560298760732015,0.025090342318469926,1.0,0.15,5,200,0.85,"{'colsample_bytree': 1.0, 'learning_rate': 0.15, 'max_depth': 5, 'n_estimators': 200, 'subsample': 0.85}",0.9957980009907627,0.9976846377633105,0.9968649707780143,0.9967825365106958,0.0007724187699271671,33
2.037482738494873,0.8649615859175865,0.060597499211629234,0.018783793813683013,1.0,0.15,5,200,1.0,"{'colsample_bytree': 1.0, 'learning_rate': 0.15, 'max_depth': 5, 'n_estimators': 200, 'subsample': 1.0}",0.9951678168488277,0.9976846377633105,0.9968649707780143,0.9965724751300509,0.001048097373641932,64
4.176590998967488,1.7949555440302831,0.08505312601725261,0.03018095054411814,1.0,0.15,5,400,0.7,"{'colsample_bytree': 1.0, 'learning_rate': 0.15, 'max_depth': 5, 'n_estimators': 400, 'subsample': 0.7}",0.9957980009907627,0.9983176944245636,0.9962302648332061,0.9967819867495108,0.0011001550056796998,39
2.8714441458384194,1.7893899923637755,0.0556631882985433,0.015005508437585005,1.0,0.15,5,400,0.85,"{'colsample_bytree': 1.0, 'learning_rate': 0.15, 'max_depth': 5, 'n_estimators': 400, 'subsample': 0.85}",0.9957980009907627,0.9976846377633105,0.9968649707780143,0.9967825365106958,0.0007724187699271671,33
4.295326312383016,0.07917092976641969,0.1271071434020996,0.00170261480924698,1.0,0.15,5,400,1.0,"{'colsample_bytree': 1.0, 'learning_rate': 0.15, 'max_depth': 5, 'n_estimators': 400, 'subsample': 1.0}",0.9957980009907627,0.9976846377633105,0.9979080818372812,0.9971302401971182,0.0009464416836273753,5
1.87063201268514,0.018975341746168165,0.07021903991699219,0.002066890838309723,1.0,0.15,7,100,0.7,"{'colsample_bytree': 1.0, 'learning_rate': 0.15, 'max_depth': 7, 'n_estimators': 100, 'subsample': 0.7}",0.9957980009907627,0.9983176944245636,0.9962302648332061,0.9967819867495108,0.0011001550056796998,39
1.0393532117207844,0.6623936101416954,0.04176227251688639,0.02255069737289619,1.0,0.15,7,100,0.85,"{'colsample_bytree': 1.0, 'learning_rate': 0.15, 'max_depth': 7, 'n_estimators': 100, 'subsample': 0.85}",0.9957980009907627,0.9983176944245636,0.9962302648332061,0.9967819867495108,0.0011001550056796998,39
0.9635336399078369,0.56240556487772,0.04002682367960612,0.021169475331831476,1.0,0.15,7,100,1.0,"{'colsample_bytree': 1.0, 'learning_rate': 0.15, 'max_depth': 7, 'n_estimators': 100, 'subsample': 1.0}",0.9951678168488277,0.9983176944245636,0.9962302648332061,0.9965719253688659,0.0013084293705944994,65
1.6916450659434001,1.029600473823468,0.04738243420918783,0.013558191960479311,1.0,0.15,7,200,0.7,"{'colsample_bytree': 1.0, 'learning_rate': 0.15, 'max_depth': 7, 'n_estimators': 200, 'subsample': 0.7}",0.9957980009907627,0.9983176944245636,0.9962302648332061,0.9967819867495108,0.0011001550056796998,39
2.349127928415934,0.9536908532497487,0.052175283432006836,0.009046934594132501,1.0,0.15,7,200,0.85,"{'colsample_bytree': 1.0, 'learning_rate': 0.15, 'max_depth': 7, 'n_estimators': 200, 'subsample': 0.85}",0.9957980009907627,0.9983176944245636,0.9968649707780143,0.9969935553977801,0.0010326710523089165,17
2.6265315214792886,0.03326227197420901,0.07600744565327962,0.004752875996270908,1.0,0.15,7,200,1.0,"{'colsample_bytree': 1.0, 'learning_rate': 0.15, 'max_depth': 7, 'n_estimators': 200, 'subsample': 1.0}",0.9951678168488277,0.9983176944245636,0.9968649707780143,0.9967834940171353,0.0012872220819665678,29
4.232229471206665,1.6248471025852158,0.10118516286214192,0.03798234041250593,1.0,0.15,7,400,0.7,"{'colsample_bytree': 1.0, 'learning_rate': 0.15, 'max_depth': 7, 'n_estimators': 400, 'subsample': 0.7}",0.9957980009907627,0.9983176944245636,0.9962302648332061,0.9967819867495108,0.0011001550056796998,39
2.031489451726278,0.03070406899321462,0.05364664395650228,0.0016081891031739812,1.0,0.15,7,400,0.85,"{'colsample_bytree': 1.0, 'learning_rate': 0.15, 'max_depth': 7, 'n_estimators': 400, 'subsample': 0.85}",0.9957980009907627,0.9983176944245636,0.9968649707780143,0.9969935553977801,0.0010326710523089165,17
4.1528388659159345,0.11160432366545335,0.05730764071146647,0.01746002811742203,1.0,0.15,7,400,1.0,"{'colsample_bytree': 1.0, 'learning_rate': 0.15, 'max_depth': 7, 'n_estimators': 400, 'subsample': 1.0}",0.9951678168488277,0.9983176944245636,0.9968649707780143,0.9967834940171353,0.0012872220819665678,29
